Media,Alamat Website,Perusahaan,Akun dibuat
NOA,https://noa.co.id,PT. Media Noa Indonesia,"January 30, 2025, 16:02"
Kanal Inspirasi,https://www.kanalinspirasi.com,PT. Media Kanal Inspirasi,"February 3, 2025, 15:25"
Mita Berita,https://mitraberita.net/,PT. Media Mita Berita,"February 3, 2025, 15:30"
Seputar Aceh,https://seputaraceh.id,PT. PAT Aceh Sarana Informasi,"February 3, 2025, 15:39"
Kabar Tamiang,https://kabartamiang.com,PT. Media Timur Jaya,"February 3, 2025, 15:40"
Acehreal,https://acehreal.com/,PT. Syakir Karya Utama,"February 3, 2025, 15:52"
Habapublik,https://habapublik.com,PT. Media Haba Publik,"February 3, 2025, 16:00"
KSINews,https://ksinews.id/,PT. KSI Informasi NAD,"February 3, 2025, 16:05"
Waspada Aceh,https://waspadaaceh.com,PT. Waspada Aceh Indonesia,"February 3, 2025, 16:24"
Rakyat Aceh Online,https://harianrakyataceh.com,PT. Rakyat Aceh Online,"February 3, 2025, 16:29"
Antero Aceh,https://anteroaceh.com,PT. Aceh Cipta Media,"February 3, 2025, 16:33"
Newsofaceh,https://newsofaceh.com,PT. Newsofaceh Media Informasi,"February 3, 2025, 16:38"
KOALISI,https://koalisi.co,PT. Media Siber Koalisi,"February 3, 2025, 16:44"
Gananews,https://gananews.com,PT. Gana Sejahtera Global,"February 3, 2025, 16:52"
Bratainews,https://Bratainews.co,PT. Berita Aceh Indonesia,"February 3, 2025, 17:08"
jbnn,https://jbnn.net/,PT. Journal Media Mandiri,"February 4, 2025, 08:32"
acehindependent,https://acehindependent.com,PT. Global Berkah Multimedia,"February 4, 2025, 08:35"
Nukilan,https://nukilan.id/,PT. Nukilan Jaya Mandiri,"February 4, 2025, 08:40"
Dialeksis,www.dialeksis.com,PT. Dialeksis Media Jaya,"February 4, 2025, 08:43"
Media Nanggroe,https://mediananggroe.com,PT. Media Nanggroe Bersama,"February 4, 2025, 08:47"
fanews,https://fanews.id/,PT. Foredi Akzara Media,"February 4, 2025, 08:51"
acehimage,https://www.acehimage.com,PT. Media Nusantara Corp,"February 4, 2025, 08:55"
Harian Daerah,https://hariandaerah.com/,PT. Media Harian Daerah,"February 4, 2025, 08:58"
Aceh Herald,https://acehherald.com,PT. Herald Pratama Kreatif,"February 4, 2025, 09:02"
wartanad,https://www.Wartanad.id,Warta Sava Multimedia,"February 4, 2025, 09:08"
kontrasaceh,https://kontrasaceh.net,PT. Atra Agaisha Media Kontras,"February 4, 2025, 09:12"
Kontenaktual,https://kontenaktual.net,PT. Konten Aktual Media,"February 4, 2025, 09:18"
atjehlifenet,https://atjehlifenet.com,PT. ALN MEDIA PERS GRUP,"February 4, 2025, 09:28"
orinews,https://orinews.id/,PT. Munara Original Media,"February 4, 2025, 09:32"
Aceh Inspirasi,www.acehinspirasi.com,PT. Aceh Inspirasi Media,"February 4, 2025, 09:46"
acehbisnis,https://www.acehbisnis.com,PT. Khanza Utama Aceh Bisnis,"February 4, 2025, 09:50"
Berita Rakyat Aceh,https://beritarakyataceh.com,PT. Berita Rakyat Aceh,"February 4, 2025, 09:55"
Sinar Aceh,www.sinaraceh.com,PT. Sinar Aceh Nasional Multimedia,"February 4, 2025, 10:00"
Atjeh Terkini,Atjehterkini.id,PT. Suara Atjeh Terkini,"February 4, 2025, 10:05"
rmolaceh,www.rmolaceh.id,PT. Republik Media Utama,"February 4, 2025, 10:10"
Bidikindonesia,www.bidikindonesia.com,PT. Media Bidik Indonesia Group,"February 4, 2025, 10:16"
LENSAPOST,https://lensapost.net/,PT. LENSA DIGITAL TRANSFORMASI,"February 4, 2025, 10:20"
Acehpress,https://acehpress@gmail.com,PT. Media Acehpress Perkasa,"February 4, 2025, 10:23"
Meunan News,www.meunannews.id,PT Meunan News Media,"February 4, 2025, 10:26"
Pikiran Merdeka,https://www.pikiranmerdeka.co/,PT PIKIRAN MERDEKA GROUP,"February 4, 2025, 10:29"
Suaraaceh,suaraaceh.net,PT Media Suara Aceh,"February 5, 2025, 09:44"
Plat Kuning,https://platkuning.com,PT GLOBAL MEDICONT PERMAI,"February 5, 2025, 09:48"
Kabar Aktual,https://kabaraktual.id,PT Kanal Media Informasi,"February 6, 2025, 16:43"
Sudut Berita,sudutberita.id,PT. Sudut Media Aksara,"February 6, 2025, 16:50"
Sekilas Aceh,sekilasaceh.co,PT Sekilas Aceh Multimedia,"February 6, 2025, 16:53"
ACEHPOST,https://www.acehpost.id/,PT. ACEHPOST MEDIA UTAMA,"February 6, 2025, 16:56"
Gemar News,www.gemarnews.com,PT Bintang Aceh Multimedia,"February 6, 2025, 16:58"
liputan Investigasi,https:/liputaninvestigasi.com,PT. LIPUTAN INVESTIGASI MEDIA,"February 10, 2025, 09:06"
Asatu Online,https://asatuonline.id,PT. Asatu Makmur Sejahtera,"February 10, 2025, 09:09"
Portalssi,https:/www.portalssi.com,PT. Media Journal Indonesia,"February 10, 2025, 09:12"
Aceh Siber,https://acehsiber.com/,PT. ACEH SIBER KREATIF,"February 10, 2025, 09:14"
Portalnusa,https://portalnusa.com,PT. Media Nusa Inti,"February 10, 2025, 09:26"
PENAPOST.NET,https://penapost.net/,PT. Pena Post Multimedia,"February 10, 2025, 09:35"
ASAKITANEWS,https://asakita.news/,PT. Amal Insan Multimedia,"February 10, 2025, 09:37"
Media Resmi Indonesia,Mediaresmi.co,PT. Media Resmi Indonesia,"February 12, 2025, 15:29"
Meuligoeaceh,www.meuligoeaceh.com,PT.BIDIK MEULIGOE GROUP,"February 12, 2025, 15:32"
Portalsatu,https://portalsatu.com/,PT PORTAL MEDIA UTAMA,"February 12, 2025, 15:35"
Modus Aceh,https://modusaceh.co/,PT. Agsha Media Mandiri,"February 18, 2025, 15:45"
Berita Aceh,https://beritaaceh.id/,PT PORTAL SARANA BERITA GROUP,"February 18, 2025, 16:23"
Buser Siaga,Www.busersiaga.com,PT. Buser Daily Mail,"February 18, 2025, 16:26"
Habanusantara,https://habanusantara.net,PT Haba Nusantara Iffatmedia,"February 18, 2025, 16:29"
Berita Kini,https://beritakini.co,PT Beritakini Insan Media,"February 18, 2025, 16:32"
Aceh Ekspres,https://acehekspres.com,PT Aceh Multimedia Pers,"February 21, 2025, 15:16"
Kabar Bireuen,https://kabarbireuen.com,PT Media Kabar Bireuen,"February 21, 2025, 15:20"
Latahzannews,https://latahzannews.com,PT. MEDIA LATAHZAN NUSANTARA,"February 24, 2025, 15:24"
MEDIASATU,https://mediasatunews.com,PT ACEH KARYA MEDIA,"February 24, 2025, 15:27"
Koran Aceh ,www.https://koranaceh.net,PT. KORAN ACEH MULTIMEDI,"February 25, 2025, 15:47"
Media Indonesia News. Info,Www.Mediaindonesianews.info,PT. Voa Indonesia News,"February 25, 2025, 15:50"
KETIKKABAR,https://ketikkabar.com,PT. MITRA KETIK KABAR,"February 25, 2025, 15:52"
Aceh Rilis,acehrilis.com,PT Aceh Rilis Media,"February 25, 2025, 15:53"
Popularitas,hhtps://popularitas.com,PT POPULARITAS INDO MEDIA,"February 28, 2025, 09:51"
distori.id,https://distori.id/,PT DISTORI SAWALA MEDIA,"March 10, 2025, 09:12"
Tribun Gayo,https://www.tribungayo.com,PT. Tribun Digital Gayo,"March 12, 2025, 11:59"
Suara buruh Nasional,Www.suaraburuhnasional.my.id, PT. Suara The people,"March 21, 2025, 08:32"
Halaman7,https://halaman7.com/ ,PT Tujuh Media Productions,"March 24, 2025, 08:54"
MEDIA POS ACEH,https://posaceh.com,PT. MEDIA POS ACEH,"April 15, 2025, 08:48"
Forumrakyat.co.id,https://forumrakyat.co.id,PT. Media Forum Rakyat,"April 15, 2025, 08:54"
Aceh Connect ,acehconnect.com,PT Aceh Koneksi Internasional ,"April 15, 2025, 08:57"
Seulawah News,https://www.seulawahnews.com,PT MEDIA SEULAWAH ACEH,"April 24, 2025, 09:27"
Pintoe.co,https://pintoe.co/,PT BUKA PINTO MEDIA,"April 24, 2025, 09:30"
Portibi Online ,www.portibi.id,PT Portibi Chitra Mediatama,"April 24, 2025, 09:50"
Indojayanews.com,https://www.indojayanews.com/,Indo Jaya Media,"May 21, 2025, 15:26"
Putaran.id,https://putaran.id/,PT. Putaran Kreatif Media,"May 21, 2025, 15:29"
Meugah.com,https://meugah.com/,PT. Aceh Meugah Media,"May 21, 2025, 15:31"
opsipedia.id,https://opsipedia.id/,PT OPSI PEDIA SEJAHTERA,"May 21, 2025, 15:33"
Harian Moslem,http://www.harianmoslem.net,PT Moslem Multi Media,"May 28, 2025, 15:38"
POJOK MERDEKA,https://pojokmerdeka.net,POJOK MERDEKA NUSANTARA,"July 14, 2025, 11:13"
KBA.ONE,https://www.kba.one/,PT KANTOR BERITA ACEH,"July 28, 2025, 11:13"
koran Media Aceh,https://mediaaceh.co.id,PT. Atjeh Media Group,"August 28, 2025, 10:39"
Acehvideo.tv,https://www.acehvideo.tv,PT Aceh Video Multimedia,"August 28, 2025, 10:53"
Media online Analisisnews.com,https://analisisnews.com,PT. Aisyah Global Analisis Media ,"August 28, 2025, 10:56"
kabar nanggroe,redaksi.kabarnanggroe@gmail.com,PT. KABAR NANGGROE SEJAHTERA,"October 29, 2025, 09:46"
BIMnews.id,BIMnews.id,PT Buana Inovasi Mandiri,"October 29, 2025, 09:48"
Liputanesia,https://liputanesia.co.id,PT Media Liputanesia Group,"November 12, 2025, 09:28"
